17ebook.co,1
aladel.net,1
bpwhamburgorchardpark.org,1
clicnews.com,1
dfwdiesel.net,1
divineenterprises.net,1
fantasticfilms.ru,1
gardensrestaurantandcatering.com,1
ginedis.com,1
gncr.org,1
hdvideoforums.org,1
hihanin.com,1
kingfamilyphotoalbum.com,1
likaraoke.com,1
mactep.org,1
magic4you.nu,1
marbling.pe.kr,1
nacjalneg.info,1
pronline.ru,1
purplehoodie.com,1
qsng.cn,1
seksburada.net,1
sportsmansclub.net,1
stock888.cn,1
tathli.com,1
teamclouds.com,1
texaswhitetailfever.com,1
wadefamilytree.org,1
xnescat.info,1
yt118.com,1
subtitleseeker.com,1
financereports.co,1
tryteens.com,1
iranact.co,1
creativebookmark.com,1
ffupdate.org,1	
vegweb.com,1	
delgets.com,1
totalpad.com,1
kvfan.net,1
hgk.biz,1
youngthroats.com,1
metro-ads.co.in,1
salescript.info,1
wenewonhere.com,1
kumpulan-viral-2022.duckdns.org,1
m0xp420o6x91.kidsmania.com.tr,1
unicolor-alcoholic.000webhostapp.com,1
jaat.futminna.edu.ng,1
naliasnga-usbe1-a04fa1.ingress-comporellon.easywp.com,1
freefire-membershipp-garena.com,1
claim-hadiah-gratis175.duckdns.org,1
baca-game.com,1
dmsexpresscargo.com,1
clubempleadosbancoitau.com,1
dixshoper.space,1
aib-security.info,1
octopusresourcing.com,1
newshearsupporty.com,1
synchronize-conect.com,1
bbvatnotifica25.byethost17.com,1
lnracing.com,1
b4tek.com,1
rvbconseils.com,1
sbi.mx,1
id-credit-agricole.com,1
aolmailservicesupdate.yolasite.com,1
www.bw71.cc,1
warbet.weebly.com,1
War77.co,1
